weight_mlp,weight_lgbm,fantasy_mean
0.0,1.0,645.6515151515151
0.5,0.5,625.2575757575758
1.0,0.0,621.0454545454545
