weight_mlp,weight_lgbm,fantasy_mean
0.0,1.0,660.6666666666666
0.5,0.5,634.6515151515151
1.0,0.0,630.0757575757576
