weight_mlp,weight_lgbm,fantasy_mean
0.0,1.0,642.5151515151515
0.5,0.5,635.5151515151515
1.0,0.0,623.1666666666666
