weight_mlp,weight_lgbm,fantasy_mean
0.0,1.0,643.1666666666666
0.5,0.5,630.7424242424242
1.0,0.0,623.7878787878788
