weight_mlp,weight_lgbm,fantasy_mean
0.0,1.0,661.5757575757576
0.5,0.5,653.6363636363636
1.0,0.0,641.4242424242424
