weight_mlp,weight_lgbm,fantasy_mean
0.0,1.0,667.1515151515151
0.5,0.5,642.7878787878788
1.0,0.0,641.939393939394
