weight_mlp,weight_lgbm,fantasy_mean
0.0,1.0,666.2121212121212
0.5,0.5,644.9545454545455
1.0,0.0,642.1818181818181
