weight_mlp,weight_lgbm,fantasy_mean
0.0,1.0,639.2272727272727
0.5,0.5,631.6363636363636
1.0,0.0,619.060606060606
